Name,DRS,,,,
Fernando Abad,0,,,,
Andrew Abbott,1,,,,
Cory Abbott,-2,,,,
CJ Abrams,4,,,,
Albert Abreu,-1,,,,
Bryan Abreu,1,,,,
José Abreu,-1,,,,
Wilyer Abreu,2,,,,
Domingo Acevedo,0,,,,
Garrett Acton,0,,,,
Ronald Acuna Jr.,-2,,,,
Jason Adam,1,,,,
Willy Adames,8,,,,
Austin Adams,-1,,,,
Jordyn Adams,-1,,,,
Riley Adams,-4,,,,
Ty Adcock,0,,,,
Jo Adell,3,,,,
Joan Adon,-1,,,,
Ehire Adrianza,-1,,,,
Jesús Aguilar,-3,,,,
Nick Ahmed,1,,,,
Keegan Akin,1,,,,
Hanser Alberto,1,,,,
Ozzie Albies,0,,,,
Jorge Alcalá,1,,,,
Sandy Alcántara,-4,,,,
Scott Alexander,0,,,,
Tyler Alexander,0,,,,
Jorge Alfaro,0,,,,
Kolby Allard,0,,,,
Greg Allen,-2,,,,
Logan Allen,1,,,,
Nick Allen,3,,,,
Abraham Almonte,-1,,,,
Yency Almonte,0,,,,
Pete Alonso,6,,,,
José Altuve,-13,,,,
Jake Alu,-1,,,,
José Alvarado,-1,,,,
Francisco Álvarez,7,,,,
Yordan Álvarez,-1,,,,
Adbert Alzolay,0,,,,
Jacob Amaya,0,,,,
Miguel Amaya,-1,,,,
Brian Anderson,4,,,,
Chase Anderson,2,,,,
Grant Anderson,0,,,,
Nick Anderson,1,,,,
Tim Anderson,-16,,,,
Tyler Anderson,3,,,,
Clayton Andrews,0,,,,
Elvis Andrus,-3,,,,
Miguel Andújar,-3,,,,
Tejay Antone,0,,,,
Jonathan Aranda,1,,,,
Jonathan Araúz,0,,,,
Orlando Arcia,-6,,,,
Nolan Arenado,1,,,,
Gabriel Arias,0,,,,
Shawn Armstrong,1,,,,
Randy Arozarena,4,,,,
Luis Arráez,2,,,,
Christian Arroyo,1,,,,
Graham Ashcraft,-2,,,,
Javier Assad,0,,,,
Pedro Avila,-1,,,,
José Azocar,0,,,,
Sam Bachman,0,,,,
Akil Baddoo,2,,,,
Harrison Bader,4,,,,
Ji Hwan Bae,-8,,,,
Javier Báez,2,,,,
Patrick Bailey,13,,,,
Bryan Baker,0,,,,
Luken Baker,-2,,,,
Jordan Balazovic,-1,,,,
Anthony Banda,-1,,,,
Tanner Banks,0,,,,
Rylan Bannon,0,,,,
Daniel Bard,1,,,,
Joe Barlow,0,,,,
Scott Barlow,0,,,,
Austin Barnes,-2,,,,
Jacob Barnes,-1,,,,
Matt Barnes,-2,,,,
Tucker Barnhart,0,,,,
Kyle Barraclough,0,,,,
Tres Barrera,0,,,,
José Barrero,-5,,,,
Jaime Barría,3,,,,
Joey Bart,-1,,,,
Osleivis Basabe,3,,,,
Anthony Bass,0,,,,
Chris Bassitt,1,,,,
Matthew Batten,-4,,,,
Peyton Battenfield,1,,,,
Brett Baty,-5,,,,
Jake Bauers,-9,,,,
Mike Baumann,-2,,,,
Félix Bautista,-2,,,,
Eduard Bazardo,1,,,,
Matt Beaty,-1,,,,
Tristan Beck,1,,,,
David Bednar,1,,,,
Jalen Beeks,1,,,,
Josh Bell,-5,,,,
Andrew Bellatti,0,,,,
Cody Bellinger,2,,,,
Brayan Bello,0,,,,
Brandon Belt,-2,,,,
Anthony Bemboom,0,,,,
Andrew Benintendi,-3,,,,
Will Benson,-3,,,,
Brennan Bernardino,0,,,,
José Berríos,5,,,,
Prelander Berroa,0,,,,
Jon Berti,5,,,,
Christian Bethancourt,0,,,,
Mookie Betts,9,,,,
Tanner Bibee,1,,,,
Bo Bichette,5,,,,
Phil Bickford,-4,,,,
Osvaldo Bido,1,,,,
Shane Bieber,-2,,,,
Brandon Bielak,1,,,,
Cavan Biggio,-5,,,,
Jake Bird,-1,,,,
Ty Blach,2,,,,
Paul Blackburn,2,,,,
Charlie Blackmon,2,,,,
Dairon Blanco,4,,,,
Ronel Blanco,1,,,,
Travis Blankenhorn,0,,,,
JJ Bleday,-5,,,,
Richard Bleier,0,,,,
Xander Bogaerts,-4,,,,
Alec Bohm,-12,,,,
Cody Bolton,-1,,,,
Ryan Borucki,1,,,,
Sean Bouchard,1,,,,
Caleb Boushley,0,,,,
Jonathan Bowlan,0,,,,
Matt Bowman,0,,,,
Brad Boxberger,0,,,,
Matthew Boyd,3,,,,
Joe Boyle,0,,,,
Silvino Bracho,0,,,,
Cody Bradford,0,,,,
Kyle Bradish,-1,,,,
Archie Bradley,0,,,,
Jackie Bradley Jr.,4,,,,
Taj Bradley,0,,,,
Michael Brantley,1,,,,
Matt Brash,3,,,,
Ryan Brasier,-2,,,,
Huascar Brazobán,-3,,,,
John Brebbia,1,,,,
Alex Bregman,5,,,,
Will Brennan,0,,,,
Colten Brewer,0,,,,
Jonah Bride,0,,,,
Beau Brieske,0,,,,
Jeff Brigham,0,,,,
Braden Bristo,0,,,,
Jhony Brito,1,,,,
Connor Brogdon,-1,,,,
Mike Brosseau,-3,,,,
Hunter Brown,-1,,,,
Seth Brown,3,,,,
Justin Bruihl,0,,,,
Vidal Bruján,-1,,,,
Kris Bryant,-8,,,,
Kris Bubic,0,,,,
J.B. Bukauskas,0,,,,
Madison Bumgarner,0,,,,
Aaron Bummer,-3,,,,
Nick Burdi,0,,,,
Zack Burdi,0,,,,
Peyton Burdick,0,,,,
Jake Burger,-6,,,,
Brock Burke,-1,,,,
Alec Burleson,-4,,,,
Corbin Burnes,-1,,,,
Michael Busch,-1,,,,
Alan Busenitz,0,,,,
Matt Bush,0,,,,
Lawrence Butler,-3,,,,
José Butto,-2,,,,
José Caballero,10,,,,
Trey Cabbage,0,,,,
Edward Cabrera,-1,,,,
Génesis Cabrera,0,,,,
Miguel Cabrera,0,,,,
Oswaldo Cabrera,-4,,,,
Kelvin Caceres,0,,,,
Kole Calhoun,1,,,,
Willie Calhoun,-2,,,,
Alex Call,7,,,,
Blair Calvo,0,,,,
Johan Camargo,-2,,,,
Junior Caminero,1,,,,
Isaiah Campbell,0,,,,
Luis Campusano,-3,,,,
Alexander Canario,-1,,,,
Jeimer Candelario,-4,,,,
Mark Canha,3,,,,
Griffin Canning,3,,,,
Yennier Cano,2,,,,
Dominic Canzone,-1,,,,
Conner Capel,1,,,,
Vinny Capra,0,,,,
Matt Carasiti,0,,,,
Víctor Caratini,1,,,,
Dylan Carlson,1,,,,
Drew Carlton,-1,,,,
Kerry Carpenter,-1,,,,
Matt Carpenter,0,,,,
Carlos Carrasco,-1,,,,
Corbin Carroll,-3,,,,
Evan Carter,6,,,,
Curt Casali,3,,,,
Triston Casas,-4,,,,
Daniel Castano,0,,,,
Nick Castellanos,-9,,,,
Diego Castillo,0,,,,
José Castillo,0,,,,
Luis Castillo,0,,,,
Max Castillo,2,,,,
Harold Castro,-5,,,,
Miguel Castro,-1,,,,
Rodolfo Castro,-5,,,,
Willi Castro,5,,,,
Jake Cave,2,,,,
Dylan Cease,3,,,,
Slade Cecconi,-1,,,,
Luis Cessa,0,,,,
Andrew Chafin,3,,,,
Yu Chang,2,,,,
Aroldis Chapman,-2,,,,
Matt Chapman,12,,,,
JT Chargois,-1,,,,
Jesse Chavez,0,,,,
Michael Chavis,5,,,,
Yonny Chirinos,0,,,,
Jazz Chisholm Jr.,-9,,,,
Ji Man Choi,0,,,,
Adam Cimber,0,,,,
José Cisnero,0,,,,
Aaron Civale,0,,,,
Taylor Clarke,1,,,,
Emmanuel Clase,-1,,,,
Alex Claudio,0,,,,
Garrett Cleavinger,0,,,,
Kody Clemens,2,,,,
Ernie Clement,4,,,,
Mike Clevinger,-3,,,,
Alex Cobb,-1,,,,
Oscar Colás,-5,,,,
Gerrit Cole,2,,,,
Dylan Coleman,0,,,,
Zack Collins,0,,,,
Alex Colomé,0,,,,
Michael Conforto,-1,,,,
Roansy Contreras,-2,,,,
William Contreras,5,,,,
Willson Contreras,-8,,,,
Sam Coonrod,0,,,,
Garrett Cooper,1,,,,
Patrick Corbin,3,,,,
Franchy Cordero,-1,,,,
Jimmy Cordero,-1,,,,
Carlos Correa,-2,,,,
Nestor Cortes,0,,,,
Tom Cosgrove,0,,,,
Danny Coulombe,-1,,,,
Jake Cousins,1,,,,
Dylan Covey,0,,,,
Colton Cowser,-5,,,,
Austin Cox,1,,,,
Brandon Crawford,-14,,,,
J.P. Crawford,-3,,,,
Kutter Crawford,0,,,,
Nabil Crismatt,1,,,,
Cooper Criswell,0,,,,
Garrett Crochet,0,,,,
C.J. Cron,0,,,,
Jake Cronenworth,2,,,,
Declan Cronin,0,,,,
Tyler Cropley,0,,,,
Pete Crow-Armstrong,1,,,,
Wil Crowe,-1,,,,
Fernando Cruz,-1,,,,
Nelson Cruz,0,,,,
Oneil Cruz,-1,,,,
Steven Cruz,0,,,,
José Cuas,0,,,,
Johnny Cueto,2,,,,
Xzavion Curry,1,,,,
John Curtiss,0,,,,
Tyler Cyr,0,,,,
Travis d'Arnaud,0,,,,
David Dahl,0,,,,
Bobby Dalbec,0,,,,
Davis Daniel,1,,,,
Hagen Danner,0,,,,
Yu Darvish,-3,,,,
Tucker Davidson,-2,,,,
Zach Davies,0,,,,
Henry Davis,-9,,,,
J.D. Davis,-9,,,,
Jonathan Davis,-3,,,,
Noah Davis,1,,,,
Yonathan Daza,-3,,,,
Enmanuel De Jesus,1,,,,
Chase De Jong,0,,,,
Bryan De La Cruz,-8,,,,
Elly De La Cruz,-6,,,,
José De León,0,,,,
Enyel De Los Santos,2,,,,
Yerry De Los Santos,0,,,,
Jacob deGrom,-2,,,,
Paul DeJong,0,,,,
Jason Delay,2,,,,
Jonny DeLuca,2,,,,
Matt Dermody,0,,,,
Anthony DeSclafani,2,,,,
Reid Detmers,0,,,,
Chris Devenski,-1,,,,
Rafael Devers,-9,,,,
Aledmys Díaz,-8,,,,
Alexis Díaz,-1,,,,
Elías Díaz,-16,,,,
Isan Díaz,2,,,,
Jhonathan Díaz,0,,,,
Jordan Diaz,-10,,,,
Miguel Díaz,0,,,,
Yainer Diaz,4,,,,
Yandy Díaz,0,,,,
Corey Dickerson,-3,,,,
Jake Diekman,-1,,,,
Brandon Dixon,3,,,,
Dylan Dodd,0,,,,
Jasson Domínguez,-2,,,,
Seranthony Domínguez,-1,,,,
Josh Donaldson,2,,,,
Brendan Donovan,-3,,,,
Camilo Doval,-3,,,,
Jeter Downs,-2,,,,
Brenton Doyle,19,,,,
Tommy Doyle,0,,,,
Hunter Dozier,-1,,,,
Brandon Drury,-2,,,,
Daniel Duarte,1,,,,
Shawn Dubin,0,,,,
Mauricio Dubón,5,,,,
Tyler Duffey,0,,,,
Matt Duffy,0,,,,
Dane Dunning,1,,,,
Ezequiel Duran,-6,,,,
Jarren Duran,-6,,,,
Jhoan Durán,-2,,,,
Adam Duvall,-4,,,,
Nate Eaton,2,,,,
Cam Eden,0,,,,
Tommy Edman,3,,,,
Carl Edwards Jr.,0,,,,
Xavier Edwards,-1,,,,
Zach Eflin,2,,,,
Bryce Elder,0,,,,
Drew Ellis,0,,,,
Christian Encarnacion-Strand,0,,,,
Adam Engel,-1,,,,
Mason Englert,0,,,,
Nathan Eovaldi,0,,,,
Lucas Erceg,0,,,,
Eduardo Escobar,-8,,,,
Jose Espada,0,,,,
Santiago Espinal,-2,,,,
Paolo Espino,0,,,,
Joey Estes,0,,,,
Carlos Estévez,0,,,,
Jeremiah Estrada,0,,,,
Thairo Estrada,-3,,,,
Alex Faedo,0,,,,
Pete Fairbanks,0,,,,
Stuart Fairchild,1,,,,
Bailey Falter,2,,,,
Jeurys Familia,0,,,,
Jake Faria,0,,,,
Buck Farmer,-2,,,,
Kyle Farmer,-2,,,,
Calvin Faucher,-1,,,,
Angel Felipe,1,,,,
Ryan Feltner,-2,,,,
Caleb Ferguson,-2,,,,
Freddy Fermin,8,,,,
José Fermín,2,,,,
Jose Ferrer,1,,,,
Matt Festa,-1,,,,
Kyle Finnegan,-2,,,,
Tyler Fitzgerald,0,,,,
Jack Flaherty,4,,,,
Josh Fleming,0,,,,
David Fletcher,-1,,,,
Dominic Fletcher,4,,,,
Chris Flexen,-2,,,,
Wilmer Flores,3,,,,
Estevan Florial,-1,,,,
Dylan Floro,-3,,,,
Jason Foley,1,,,,
Mike Ford,1,,,,
Nick Fortes,5,,,,
Jake Fraley,-4,,,,
J.P. France,0,,,,
Ty France,-7,,,,
Bowden Francis,0,,,,
Wander Franco,16,,,,
Adam Frazier,-1,,,,
Clint Frazier,0,,,,
Kyle Freeland,-3,,,,
Freddie Freeman,-9,,,,
Tyler Freeman,-6,,,,
Sal Frelick,6,,,,
Luis Frías,0,,,,
Max Fried,-2,,,,
TJ Friedl,1,,,,
David Fry,-4,,,,
Shintaro Fujinami,-1,,,,
Carson Fulmer,0,,,,
Michael Fulmer,1,,,,
Kody Funderburk,0,,,,
Hunter Gaddis,0,,,,
Matt Gage,0,,,,
Cam Gallagher,7,,,,
Giovanny Gallegos,0,,,,
Zac Gallen,2,,,,
Joey Gallo,-1,,,,
Ben Gamel,-1,,,,
Adolis García,6,,,,
Avisaíl García,1,,,,
Deivi García,0,,,,
Luis García,-3,,,,
Luis García,-6,,,,
Luis García,0,,,,
Maikel García,-1,,,,
Rico Garcia,0,,,,
Robert Garcia,0,,,,
Yimi García,1,,,,
Kyle Garlick,0,,,,
Amir Garrett,-1,,,,
Braxton Garrett,0,,,,
Reed Garrett,0,,,,
Stone Garrett,5,,,,
Mitch Garver,-4,,,,
Justin Garza,0,,,,
Kevin Gausman,0,,,,
Zack Gelof,0,,,,
Domingo Germán,0,,,,
Ian Gibaut,-2,,,,
Kyle Gibson,3,,,,
Logan Gilbert,-1,,,,
Tyler Gilbert,1,,,,
Logan Gillaspie,0,,,,
Andrés Giménez,23,,,,
Kevin Ginkel,-1,,,,
Lucas Giolito,-2,,,,
Sawyer Gipson-Long,-1,,,,
Mychal Givens,0,,,,
Tyler Glasnow,-3,,,,
Paul Goldschmidt,3,,,,
Austin Gomber,0,,,,
Yan Gomes,-2,,,,
Yoendrys Gómez,0,,,,
Tony Gonsolin,1,,,,
Marco Gonzales,1,,,,
Nick Gonzales,0,,,,
Chi Chi González,0,,,,
Oscar González,-7,,,,
Romy Gonzalez,-3,,,,
Victor González,0,,,,
Hunter Goodman,-2,,,,
Nick Gordon,1,,,,
MacKenzie Gore,4,,,,
Nolan Gorman,-2,,,,
Trevor Gott,0,,,,
Yasmani Grandal,-11,,,,
Brusdar Graterol,0,,,,
Kendall Graveman,-1,,,,
Jon Gray,0,,,,
Josiah Gray,-3,,,,
Sonny Gray,4,,,,
Tristan Gray,0,,,,
Chad Green,-1,,,,
Hunter Greene,0,,,,
Riley Greene,-6,,,,
Shane Greene,0,,,,
Zack Greinke,6,,,,
Randal Grichuk,-1,,,,
Trent Grisham,1,,,,
Vaughn Grissom,-7,,,,
Robbie Grossman,-9,,,,
Michael Grove,-1,,,,
Javy Guerra,0,,,,
Vladimir Guerrero Jr.,-6,,,,
Luis Guillorme,-1,,,,
Lourdes Gurriel Jr.,14,,,,
Yuli Gurriel,-1,,,,
Dalton Guthrie,4,,,,
Eric Haase,2,,,,
Josh Hader,1,,,,
Sam Haggerty,-2,,,,
Darick Hall,-1,,,,
DL Hall,0,,,,
Billy Hamilton,0,,,,
Caleb Hamilton,0,,,,
David Hamilton,1,,,,
Ian Hamilton,2,,,,
Garrett Hampson,-1,,,,
Emerson Hancock,0,,,,
Brad Hand,0,,,,
Brenan Hanifee,0,,,,
Mitch Haniger,2,,,,
Ian Happ,2,,,,
Bryce Harper,1,,,,
Hobie Harris,0,,,,
Hogan Harris,1,,,,
Michael Harris II,2,,,,
Josh Harrison,-4,,,,
Kyle Harrison,0,,,,
Geoff Hartlieb,0,,,,
Grant Hartwig,1,,,,
Hunter Harvey,-2,,,,
Adam Haseley,0,,,,
Thomas Hatch,0,,,,
Ke'Bryan Hayes,21,,,,
Austin Hays,5,,,,
Brent Headrick,0,,,,
Andrew Heaney,0,,,,
Taylor Hearn,0,,,,
Jonathan Heasley,0,,,,
Austin Hedges,11,,,,
Jonah Heim,6,,,,
Tyler Heineman,-1,,,,
Ben Heller,-1,,,,
Ryan Helsley,0,,,,
Heath Hembree,0,,,,
Gunnar Henderson,13,,,,
Kyle Hendricks,1,,,,
Liam Hendriks,0,,,,
Tommy Henry,0,,,,
David Hensley,0,,,,
Sam Hentges,-2,,,,
Jimmy Herget,1,,,,
Kevin Herget,-1,,,,
Carlos Hernández,0,,,,
Daysbel Hernández,0,,,,
Enrique Hernández,-2,,,,
Jonathan Hernández,0,,,,
Jose Hernandez,-2,,,,
Nick Hernandez,0,,,,
Teoscar Hernández,1,,,,
Yonny Hernández,1,,,,
Iván Herrera,0,,,,
José Herrera,-6,,,,
Tim Herrin,-1,,,,
Jason Heyward,3,,,,
Aaron Hicks,-8,,,,
Jordan Hicks,-2,,,,
Kyle Higashioka,1,,,,
Derek Hill,-1,,,,
Garrett Hill,1,,,,
Rich Hill,-2,,,,
Tim Hill,-1,,,,
Sam Hilliard,1,,,,
Sean Hjelle,1,,,,
Bryan Hoeing,2,,,,
Nico Hoerner,14,,,,
Jeff Hoffman,-1,,,,
Colin Holderman,0,,,,
Gavin Hollowell,0,,,,
Clay Holmes,-1,,,,
Tyler Holton,0,,,,
Brent Honeywell Jr.,-1,,,,
TJ Hopkins,2,,,,
Spencer Horwitz,1,,,,
Eric Hosmer,0,,,,
Tanner Houck,2,,,,
Adrian Houser,2,,,,
Spencer Howard,0,,,,
Bryan Hudson,-1,,,,
Dakota Hudson,0,,,,
Daniel Hudson,0,,,,
Sam Huff,1,,,,
Brandon Hughes,-1,,,,
Cooper Hummel,0,,,,
Tommy Hunter,0,,,,
Kyle Hurt,0,,,,
Andy Ibáñez,8,,,,
Raisel Iglesias,1,,,,
Jonathan India,-7,,,,
Kolton Ingram,0,,,,
Cole Irvin,2,,,,
Jake Irvin,-1,,,,
Kyle Isbel,13,,,,
Andre Jackson,1,,,,
Jay Jackson,-1,,,,
Luke Jackson,-2,,,,
Zach Jackson,0,,,,
Alek Jacob,0,,,,
Joe Jacques,1,,,,
Drey Jameson,0,,,,
Travis Jankowski,6,,,,
Danny Jansen,-2,,,,
Kenley Jansen,-2,,,,
Bryce Jarvis,0,,,,
Cristian Javier,-2,,,,
Griffin Jax,-1,,,,
Ryan Jeffers,1,,,,
Dany Jiménez,0,,,,
Eloy Jiménez,-3,,,,
Joe Jiménez,-1,,,,
Connor Joe,-5,,,,
Bryce Johnson,-1,,,,
Pierce Johnson,1,,,,
Jahmai Jones,0,,,,
Nolan Jones,10,,,,
Ben Joyce,0,,,,
Aaron Judge,-4,,,,
Edouard Julien,-3,,,,
Corey Julks,3,,,,
Josh Jung,0,,,,
Jakob Junis,-1,,,,
Janson Junk,0,,,,
Evan Justice,-1,,,,
Tommy Kahnle,-1,,,,
Connor Kaiser,0,,,,
James Kaprielian,-2,,,,
Ricky Karcher,0,,,,
James Karinchak,-2,,,,
Karl Kauffmann,-1,,,,
Anthony Kay,0,,,,
Jarred Kelenic,3,,,,
Brad Keller,1,,,,
Mitch Keller,2,,,,
Trevor Kelley,0,,,,
Carson Kelly,1,,,,
Joe Kelly,1,,,,
Kevin Kelly,0,,,,
Merrill Kelly,2,,,,
Michael Kelly,1,,,,
Zack Kelly,0,,,,
Tony Kemp,-12,,,,
Brett Kennedy,-1,,,,
Buddy Kennedy,1,,,,
Ian Kennedy,0,,,,
Max Kepler,2,,,,
Orion Kerkering,0,,,,
Ray Kerr,1,,,,
Clayton Kershaw,4,,,,
Grae Kessinger,1,,,,
Dallas Keuchel,0,,,,
Carter Kieboom,-1,,,,
Kevin Kiermaier,18,,,,
Yusei Kikuchi,-2,,,,
Caleb Kilian,0,,,,
Ha-Seong Kim,16,,,,
Craig Kimbrel,-3,,,,
Isiah Kiner-Falefa,0,,,,
John King,0,,,,
Michael King,1,,,,
Tyler Kinley,0,,,,
George Kirby,0,,,,
Alex Kirilloff,-8,,,,
Alejandro Kirk,17,,,,
Andrew Kittredge,0,,,,
Heston Kjerstad,0,,,,
Corey Kluber,-1,,,,
Reiss Knehr,0,,,,
Andrew Knizner,-3,,,,
Matt Koch,0,,,,
Taylor Kohlwey,0,,,,
Adam Kolarek,0,,,,
Mark Kolozsvary,0,,,,
Michael Kopech,-5,,,,
Jackson Kowar,-1,,,,
Joey Krehbiel,0,,,,
Ryan Kreidler,-1,,,,
Dean Kremer,3,,,,
Brooks Kriske,0,,,,
Matt Krook,-1,,,,
Chad Kuhl,0,,,,
Joel Kuhnel,-1,,,,
Steven Kwan,16,,,,
Joe La Sorsa,0,,,,
Jake Lamb,2,,,,
Jimmy Lambert,1,,,,
Peter Lambert,0,,,,
Dinelson Lamet,0,,,,
Alex Lange,1,,,,
Shea Langeliers,-13,,,,
Trevor Larnach,-3,,,,
Jake Latz,0,,,,
Eric Lauer,1,,,,
Ramón Laureano,10,,,,
Derek Law,1,,,,
Jordan Lawlar,1,,,,
Casey Lawrence,-1,,,,
Justin Lawrence,0,,,,
Kyle Leahy,0,,,,
José Leclerc,0,,,,
Dylan Lee,0,,,,
Korey Lee,-1,,,,
Casey Legumina,0,,,,
Mark Leiter Jr.,-1,,,,
DJ LeMahieu,5,,,,
Sandy León,-1,,,,
Dominic Leone,-1,,,,
Josh Lester,0,,,,
Kyle Lewis,0,,,,
Royce Lewis,2,,,,
Matthew Liberatore,0,,,,
Jeff Lindgren,0,,,,
Francisco Lindor,7,,,,
Andre Lipcius,-4,,,,
Zack Littell,-1,,,,
Luke Little,0,,,,
Ben Lively,-1,,,,
Mauricio Llovera,-3,,,,
Jonathan Loáisiga,1,,,,
Tim Locastro,1,,,,
Nick Lodolo,0,,,,
Nick Loftin,1,,,,
Zach Logue,1,,,,
Sam Long,0,,,,
Evan Longoria,2,,,,
Alejo López,1,,,,
Irving Lopez,-1,,,,
Jacob Lopez,0,,,,
Jorge López,0,,,,
José Lopez,0,,,,
Nicky Lopez,13,,,,
Pablo López,4,,,,
Reynaldo López,-2,,,,
Michael Lorenzen,-1,,,,
Aaron Loup,1,,,,
Richard Lovelady,-2,,,,
Brandon Lowe,-5,,,,
Josh Lowe,3,,,,
Nathaniel Lowe,3,,,,
Easton Lucas,0,,,,
Joey Lucchesi,-1,,,,
Marco Luciano,-1,,,,
Lucas Luetge,0,,,,
Seth Lugo,0,,,,
Nathan Lukes,1,,,,
Jordan Luplow,0,,,,
Jesús Luzardo,7,,,,
Jordan Lyles,-1,,,,
Daniel Lynch IV,0,,,,
Lance Lynn,0,,,,
Andrés Machado,1,,,,
Manny Machado,4,,,,
Nick Madrigal,9,,,,
Bligh Madris,-1,,,,
Kenta Maeda,-4,,,,
Drew Maggi,0,,,,
Tyler Mahle,-1,,,,
Luke Maile,1,,,,
Martín Maldonado,-10,,,,
Sean Manaea,0,,,,
Trey Mancini,-5,,,,
Matt Manning,3,,,,
Alek Manoah,-1,,,,
Joe Mantiply,3,,,,
Tucupita Marcano,-6,,,,
Manuel Margot,-3,,,,
Ron Marinaccio,-1,,,,
Michael Mariot,0,,,,
Jake Marisnick,4,,,,
Cade Marlowe,6,,,,
Germán Márquez,2,,,,
Alec Marsh,0,,,,
Brandon Marsh,0,,,,
José Marte,0,,,,
Ketel Marte,2,,,,
Noelvi Marte,0,,,,
Starling Marte,-7,,,,
Yunior Marte,-1,,,,
Chris Martin,2,,,,
Adrián Martinez,-1,,,,
J.D. Martinez,0,,,,
J.P. Martínez,0,,,,
Justin Martinez,-1,,,,
Nick Martínez,-5,,,,
Seth Martinez,0,,,,
Nick Martini,-2,,,,
Michael Massey,-9,,,,
Miles Mastrobuoni,3,,,,
Jorge Mateo,1,,,,
Mark Mathias,-4,,,,
Nick Maton,-11,,,,
Phil Maton,-1,,,,
Luis Matos,-10,,,,
Steven Matz,1,,,,
Ronny Mauricio,-1,,,,
Dustin May,-1,,,,
Trevor May,-1,,,,
Mike Mayers,0,,,,
Tim Mayza,0,,,,
Zach McAllister,0,,,,
James McArthur,0,,,,
James McCann,1,,,,
Jake McCarthy,1,,,,
Darren McCaughan,0,,,,
Shane McClanahan,1,,,,
Chas McCormick,5,,,,
Mason McCoy,0,,,,
Andrew McCutchen,1,,,,
T.J. McFarland,0,,,,
Easton McGee,0,,,,
Scott McGough,0,,,,
Reese McGuire,-3,,,,
Collin McHugh,0,,,,
Ryan McKenna,3,,,,
Triston McKenzie,-1,,,,
Billy McKinney,-2,,,,
Zach McKinstry,1,,,,
Matt McLain,4,,,,
Ryan McMahon,17,,,,
John McMillon,0,,,,
Jeff McNeil,0,,,,
Curtis Mead,3,,,,
Austin Meadows,0,,,,
Parker Meadows,3,,,,
John Means,0,,,,
Nick Mears,0,,,,
Wade Meckler,0,,,,
Victor Mederos,0,,,,
Luis Medina,1,,,,
Trevor Megill,-2,,,,
Tylor Megill,-1,,,,
Francisco Mejía,-4,,,,
J.C. Mejía,0,,,,
MJ Melendez,-15,,,,
Danny Mendick,-4,,,,
Joey Meneses,0,,,,
Óscar Mercado,-3,,,,
Whit Merrifield,-8,,,,
Julian Merryweather,-1,,,,
Matt Mervis,2,,,,
Jake Meyers,5,,,,
Keynan Middleton,1,,,,
Miles Mikolas,0,,,,
Wade Miley,3,,,,
Drew Millas,-1,,,,
Bobby Miller,-3,,,,
Brad Miller,0,,,,
Bryce Miller,1,,,,
Mason Miller,1,,,,
Owen Miller,2,,,,
Shelby Miller,0,,,,
Tyson Miller,0,,,,
Alec Mills,0,,,,
Hoby Milner,-1,,,,
Tommy Milone,0,,,,
A.J. Minter,-1,,,,
José Miranda,0,,,,
Anthony Misiewicz,0,,,,
Calvin Mitchell,0,,,,
Garrett Mitchell,3,,,,
Carmen Mlodzinski,0,,,,
Sam Moll,0,,,,
Andruw Monasterio,7,,,,
Yoán Moncada,-6,,,,
Mickey Moniak,6,,,,
Frankie Montas,0,,,,
Elehuris Montero,0,,,,
Rafael Montero,-2,,,,
Coco Montes,-1,,,,
Jordan Montgomery,-3,,,,
Dylan Moore,0,,,,
Matt Moore,-2,,,,
McKinley Moore,0,,,,
Jovani Morán,1,,,,
Adrián Morejón,-1,,,,
Christopher Morel,-4,,,,
Gabriel Moreno,20,,,,
Dauri Moreta,0,,,,
Eli Morgan,0,,,,
Reyes Moronta,0,,,,
Cody Morris,0,,,,
Charlie Morton,-1,,,,
Taylor Motter,0,,,,
Ryan Mountcastle,2,,,,
Mike Moustakas,1,,,,
Zach Muckenhirn,0,,,,
Kyle Muller,-1,,,,
Cedric Mullins,7,,,,
Max Muncy,-3,,,,
Andrés Muñoz,-3,,,,
Penn Murfee,0,,,,
Chris Murphy,0,,,,
Sean Murphy,8,,,,
Tom Murphy,-4,,,,
Joe Musgrove,2,,,,
Parker Mushinski,0,,,,
Dane Myers,-3,,,,
Wil Myers,2,,,,
James Naile,0,,,,
Tyler Naquin,-1,,,,
Andrew Nardi,1,,,,
Omar Narváez,0,,,,
Packy Naughton,0,,,,
Edgar Navarro,0,,,,
Bo Naylor,-2,,,,
Josh Naylor,0,,,,
Zach Neal,1,,,,
Kyle Nelson,-1,,,,
Nick Nelson,0,,,,
Ryne Nelson,3,,,,
Héctor Neris,-1,,,,
Zach Neto,3,,,,
Tyler Nevin,-4,,,,
Sean Newcomb,0,,,,
Kevin Newman,-8,,,,
Kyle Nicolas,0,,,,
Tomás Nido,1,,,,
Brandon Nimmo,-7,,,,
Vinny Nittoli,0,,,,
Ryan Noda,0,,,,
Stephen Nogosek,0,,,,
Aaron Nola,1,,,,
Austin Nola,-3,,,,
Sean Nolin,0,,,,
Lars Nootbaar,3,,,,
Daniel Norris,0,,,,
Ryan O'Hearn,-5,,,,
Logan O'Hoppe,-9,,,,
Brian O'Keefe,0,,,,
Tyler O'Neill,-1,,,,
Bailey Ober,4,,,,
Rougned Odor,-5,,,,
Shohei Ohtani,2,,,,
Steven Okert,-1,,,,
Chris Okey,0,,,,
Edward Olivares,-11,,,,
Adam Oller,-1,,,,
Matt Olson,8,,,,
Reese Olson,-2,,,,
Jonathan Ornelas,0,,,,
Kaleb Ort,0,,,,
Oliver Ortega,-1,,,,
Rafael Ortega,-1,,,,
Joey Ortiz,2,,,,
Luis Ortiz,0,,,,
Luis Ortiz,0,,,,
Adam Ottavino,-5,,,,
Glenn Otto,0,,,,
James Outman,1,,,,
Connor Overton,0,,,,
Johan Oviedo,0,,,,
Chris Owings,0,,,,
Marcell Ozuna,-1,,,,
Cristian Pache,5,,,,
Chris Paddack,0,,,,
Nicholas Padilla,0,,,,
Kevin Padlo,-1,,,,
Emilio Pagán,2,,,,
Joshua Palacios,0,,,,
Richie Palacios,-1,,,,
Daniel Palencia,0,,,,
Andre Pallante,-3,,,,
Thomas Pannone,0,,,,
Isaac Paredes,-2,,,,
Kyren Paris,2,,,,
Wes Parsons,-1,,,,
Vinnie Pasquantino,-3,,,,
Luis Patiño,0,,,,
Spencer Patton,0,,,,
James Paxton,-1,,,,
Joel Payamps,-1,,,,
Nate Pearson,-1,,,,
Joc Pederson,-5,,,,
Elvis Peguero,-3,,,,
Liover Peguero,-7,,,,
Jeremy Peña,7,,,,
Ryan Pepiot,2,,,,
David Peralta,8,,,,
Freddy Peralta,-1,,,,
Sammy Peralta,0,,,,
Wandy Peralta,4,,,,
Oswald Peraza,0,,,,
Ángel Perdomo,0,,,,
Geraldo Perdomo,-2,,,,
Everson Pereira,2,,,,
Carlos Pérez,0,,,,
Carlos Pérez,-2,,,,
Cionel Pérez,0,,,,
Eury Pérez,-1,,,,
Francisco Pérez,0,,,,
Hector Perez,0,,,,
Martín Pérez,3,,,,
Michael Pérez,1,,,,
Roberto Pérez,1,,,,
Salvador Pérez,-11,,,,
Blake Perkins,11,,,,
David Peterson,4,,,,
Jace Peterson,-8,,,,
Brandon Pfaadt,-1,,,,
Tommy Pham,0,,,,
Brett Phillips,0,,,,
Connor Phillips,-2,,,,
Evan Phillips,-1,,,,
Konnor Pilkington,0,,,,
Kevin Pillar,2,,,,
Manny Piña,0,,,,
Riley Pint,0,,,,
René Pinto,0,,,,
Nick Pivetta,-2,,,,
Michael Plassmeyer,0,,,,
Zach Plesac,1,,,,
Colin Poche,1,,,,
Jorge Polanco,1,,,,
AJ Pollock,2,,,,
Zach Pop,0,,,,
Logan Porter,-1,,,,
Nick Pratto,-10,,,,
Ryan Pressly,0,,,,
Quinn Priester,0,,,,
Jurickson Profar,-9,,,,
Austin Pruitt,1,,,,
A.J. Puk,-2,,,,
Cal Quantrill,1,,,,
Juniel Querecuto,1,,,,
Johan Quezada,0,,,,
José Quijada,0,,,,
José Quintana,0,,,,
Ceddanne Rafaela,-1,,,,
Cole Ragans,2,,,,
Tanner Rainey,0,,,,
Cal Raleigh,2,,,,
Brooks Raley,-1,,,,
Luke Raley,1,,,,
Erasmo Ramírez,1,,,,
Harold Ramírez,-2,,,,
José Ramírez,1,,,,
Nick Ramirez,-1,,,,
Yohan Ramírez,-1,,,,
Heliot Ramos,0,,,,
Henry Ramos,3,,,,
Lane Ramsey,-1,,,,
Drew Rasmussen,0,,,,
Robbie Ray,0,,,,
Colin Rea,-1,,,,
J.T. Realmuto,-4,,,,
Jake Reed,0,,,,
Rob Refsnyder,0,,,,
Sean Reid-Foley,-1,,,,
Zach Remillard,0,,,,
Anthony Rendon,-5,,,,
Hunter Renfroe,-9,,,,
Luis Rengifo,-8,,,,
Denyi Reyes,-2,,,,
Franmil Reyes,0,,,,
Gerardo Reyes,0,,,,
Pablo Reyes,-3,,,,
Bryan Reynolds,-1,,,,
Matt Reynolds,-1,,,,
Trevor Richards,-1,,,,
Lyon Richardson,-1,,,,
Austin Riley,9,,,,
Edwin Ríos,0,,,,
Yacksel Ríos,0,,,,
Alfonso Rivas,2,,,,
Emmanuel Rivera,1,,,,
Anthony Rizzo,3,,,,
Luis Robert Jr.,6,,,,
David Robertson,-1,,,,
Nick Robertson,0,,,,
Víctor Robles,-10,,,,
Brayan Rocchio,0,,,,
Brendan Rodgers,-1,,,,
Carlos Rodón,-1,,,,
Dereck Rodríguez,0,,,,
Eduardo Rodríguez,-2,,,,
Elvin Rodríguez,0,,,,
Endy Rodríguez,3,,,,
Grayson Rodriguez,2,,,,
Joely Rodríguez,0,,,,
José Rodríguez,0,,,,
José Rodriguez,0,,,,
Julio Rodríguez,-5,,,,
Yerry Rodríguez,-1,,,,
Jake Rogers,1,,,,
Taylor Rogers,0,,,,
Trevor Rogers,-1,,,,
Tyler Rogers,1,,,,
Johan Rojas,15,,,,
Josh Rojas,-2,,,,
Miguel Rojas,12,,,,
Drew Rom,-1,,,,
Jordan Romano,0,,,,
JoJo Romero,1,,,,
Brent Rooker,-4,,,,
Ben Rortvedt,2,,,,
Amed Rosario,-13,,,,
Eddie Rosario,3,,,,
Eguy Rosario,2,,,,
Kenny Rosenberg,1,,,,
Drew Rucinski,0,,,,
Michael Rucker,0,,,,
Darin Ruf,0,,,,
Esteury Ruiz,-20,,,,
José Ruiz,0,,,,
Keibert Ruiz,-14,,,,
Blake Rutherford,1,,,,
Jackson Rutledge,0,,,,
Adley Rutschman,2,,,,
Joe Ryan,1,,,,
Ryder Ryan,0,,,,
Hyun Jin Ryu,2,,,,
Andrew Saalfrank,1,,,,
Blake Sabol,-7,,,,
César Salazar,0,,,,
Eduardo Salazar,2,,,,
Chris Sale,-2,,,,
Cristopher Sánchez,-1,,,,
Gary Sánchez,7,,,,
Jesús Sánchez,5,,,,
Nick Sandlin,1,,,,
Patrick Sandoval,4,,,,
Cole Sands,1,,,,
Reiver Sanmartin,-1,,,,
Carlos Santana,11,,,,
Dennis Santana,0,,,,
Anthony Santander,2,,,,
Tony Santillan,0,,,,
Gregory Santos,-3,,,,
Tayler Saucedo,0,,,,
Josh Sborz,-1,,,,
Nolan Schanuel,-2,,,,
Max Scherzer,-1,,,,
Clarke Schmidt,2,,,,
Casey Schmitt,-1,,,,
Davis Schneider,0,,,,
Jesse Scholtens,-1,,,,
Jonathan Schoop,0,,,,
John Schreiber,1,,,,
Kyle Schwarber,-21,,,,
Tanner Scott,0,,,,
Tayler Scott,-1,,,,
Connor Seabold,2,,,,
Corey Seager,5,,,,
JP Sears,0,,,,
Jean Segura,-9,,,,
Colin Selby,0,,,,
Marcus Semien,16,,,,
Kodai Senga,1,,,,
Antonio Senzatela,0,,,,
Nick Senzel,-11,,,,
Brian Serven,0,,,,
Luis Severino,2,,,,
Paul Sewald,-1,,,,
Bryan Shaw,1,,,,
Emmet Sheehan,0,,,,
Gavin Sheets,-5,,,,
Ryan Sherriff,0,,,,
Braden Shewmake,0,,,,
Zack Short,2,,,,
Chasen Shreve,-1,,,,
Jared Shuster,-1,,,,
Michael Siani,-1,,,,
Chase Silseth,0,,,,
Lucas Sims,0,,,,
Brady Singer,0,,,,
Jon Singleton,0,,,,
José Siri,0,,,,
Tarik Skubal,-1,,,,
Austin Slater,-1,,,,
Ethan Small,0,,,,
Devin Smeltzer,0,,,,
Chad Smith,0,,,,
Dominic Smith,5,,,,
Drew Smith,1,,,,
Josh H. Smith,7,,,,
Kevin Smith,-1,,,,
Pavin Smith,-6,,,,
Will Smith,0,,,,
Will Smith,12,,,,
Canaan Smith-Njigba,1,,,,
AJ Smith-Shawver,-1,,,,
Drew Smyly,-3,,,,
Kirby Snead,0,,,,
Blake Snell,-2,,,,
Collin Snider,0,,,,
Tyler Soderstrom,-3,,,,
Donovan Solano,1,,,,
Jorge Soler,-5,,,,
Peter Solomon,1,,,,
George Soriano,0,,,,
José Soriano,0,,,,
Michael Soroka,0,,,,
Edmundo Sosa,-2,,,,
Lenyn Sosa,-3,,,,
Gregory Soto,-3,,,,
Juan Soto,-6,,,,
Livan Soto,0,,,,
Bennett Sousa,0,,,,
Alex Speas,0,,,,
Gabe Speier,-1,,,,
Carson Spiers,0,,,,
George Springer,2,,,,
Jeffrey Springs,0,,,,
Jacob Stallings,0,,,,
Ryne Stanek,0,,,,
Giancarlo Stanton,-3,,,,
Josh Staumont,0,,,,
Justin Steele,-2,,,,
Spencer Steer,-5,,,,
Michael Stefanic,-1,,,,
Trevor Stephan,-3,,,,
Jackson Stephens,-1,,,,
Robert Stephenson,0,,,,
Tyler Stephenson,-10,,,,
Andrew Stevenson,2,,,,
Cal Stevenson,0,,,,
Brock Stewart,1,,,,
DJ Stewart,-4,,,,
Gavin Stone,0,,,,
Trevor Story,8,,,,
Bryson Stott,6,,,,
Levi Stoudt,0,,,,
Kyle Stowers,2,,,,
Matt Strahm,2,,,,
Chris Stratton,1,,,,
Hunter Stratton,0,,,,
Myles Straw,6,,,,
Spencer Strider,0,,,,
Ross Stripling,-1,,,,
Marcus Stroman,3,,,,
Peter Strzelecki,-1,,,,
Garrett Stubbs,-1,,,,
Andrew Suárez,0,,,,
Eugenio Suárez,-2,,,,
José Suarez,1,,,,
Ranger Suárez,2,,,,
Robert Suarez,0,,,,
Wander Suero,-1,,,,
Brett Sullivan,-1,,,,
Cole Sulser,0,,,,
Brent Suter,4,,,,
Jack Suwinski,-9,,,,
Seiya Suzuki,2,,,,
Dansby Swanson,18,,,,
Erik Swanson,-1,,,,
Devin Sweet,0,,,,
Noah Syndergaard,-7,,,,
Jameson Taillon,-2,,,,
Domingo Tapia,0,,,,
Raimel Tapia,-6,,,,
Freddy Tarnok,0,,,,
Fernando Tatis Jr.,27,,,,
Mike Tauchman,4,,,,
Leody Taveras,3,,,,
Chris Taylor,0,,,,
Josh Taylor,0,,,,
Michael A. Taylor,5,,,,
Samad Taylor,-2,,,,
Tyrone Taylor,4,,,,
Julio Teherán,4,,,,
Rowdy Tellez,0,,,,
José Tena,-3,,,,
Ryan Tepera,0,,,,
Matt Thaiss,-3,,,,
Juan Then,-1,,,,
Caleb Thielbar,0,,,,
Alek Thomas,5,,,,
Cody Thomas,-1,,,,
Lane Thomas,1,,,,
Bubba Thompson,1,,,,
Keegan Thompson,0,,,,
Mason Thompson,-1,,,,
Ryan Thompson,0,,,,
Trayce Thompson,-3,,,,
Zack Thompson,1,,,,
Trent Thornton,0,,,,
Michael Toglia,-2,,,,
Michael Tonkin,-2,,,,
Justin Topa,1,,,,
Spencer Torkelson,-11,,,,
Abraham Toro,-2,,,,
Luis Torrens,0,,,,
Gleyber Torres,-4,,,,
Touki Toussaint,-1,,,,
Ezequiel Tovar,13,,,,
Taylor Trammell,-2,,,,
Alan Trejo,3,,,,
Jose Trevino,7,,,,
Jared Triolo,5,,,,
Chadwick Tromp,0,,,,
Mike Trout,1,,,,
Cole Tucker,-1,,,,
Kyle Tucker,1,,,,
Brice Turang,12,,,,
Spencer Turnbull,-1,,,,
Justin Turner,0,,,,
Trea Turner,-12,,,,
Edwin Uceta,0,,,,
Erich Uelmen,0,,,,
Duane Underwood Jr.,0,,,,
José Ureña,-1,,,,
Julio Urías,2,,,,
Luis Urías,-2,,,,
Ramón Urías,4,,,,
Abner Uribe,1,,,,
José Urquidy,-1,,,,
Gio Urshela,4,,,,
Enmanuel Valdez,-6,,,,
Framber Valdez,-3,,,,
Chris Vallimont,0,,,,
Carlos Vargas,0,,,,
Ildemaro Vargas,2,,,,
Miguel Vargas,-4,,,,
Gus Varland,1,,,,
Louie Varland,1,,,,
Daulton Varsho,29,,,,
Andrew Vasquez,1,,,,
Randy Vásquez,0,,,,
Andrew Vaughn,0,,,,
Terrin Vavra,-4,,,,
Christian Vázquez,3,,,,
Vince Velasquez,-1,,,,
Andrew Velazquez,-5,,,,
Nelson Velázquez,-1,,,,
Anthony Veneziano,0,,,,
Alex Verdugo,9,,,,
Drew VerHagen,-1,,,,
Justin Verlander,-3,,,,
Alex Vesia,-2,,,,
Nick Vespi,0,,,,
Will Vest,0,,,,
Thyago Vieira,0,,,,
Mark Vientos,-3,,,,
Matt Vierling,0,,,,
David Villar,0,,,,
Meibrys Viloria,-1,,,,
Darius Vines,0,,,,
Victor Vodnik,0,,,,
Luke Voit,1,,,,
Anthony Volpe,15,,,,
Jason Vosler,0,,,,
Austin Voth,1,,,,
Joey Votto,-5,,,,
Michael Wacha,0,,,,
LaMonte Wade Jr.,0,,,,
Tyler Wade,-4,,,,
Adam Wainwright,0,,,,
Cole Waites,0,,,,
Ken Waldichuk,0,,,,
Matt Waldron,-1,,,,
Christian Walker,9,,,,
Jordan Walker,-16,,,,
Josh Walker,0,,,,
Ryan Walker,2,,,,
Taijuan Walker,5,,,,
Forrest Wall,0,,,,
Chad Wallach,0,,,,
Matt Wallner,1,,,,
Taylor Walls,10,,,,
Jared Walsh,0,,,,
Brandon Walter,0,,,,
Andrew Wantz,0,,,,
Taylor Ward,1,,,,
Thaddeus Ward,1,,,,
Austin Warren,0,,,,
Drew Waters,1,,,,
Spenser Watkins,0,,,,
Ryan Weathers,2,,,,
Luke Weaver,-1,,,,
Jacob Webb,-1,,,,
Logan Webb,-1,,,,
Ryan Weber,0,,,,
Jordan Weems,1,,,,
Zack Weiss,0,,,,
Greg Weissert,-1,,,,
Austin Wells,-2,,,,
Tyler Wells,2,,,,
Joey Wendle,6,,,,
Joey Wentz,-1,,,,
Hayden Wesneski,1,,,,
Jordan Westburg,2,,,,
Zack Wheeler,4,,,,
Brendan White,-1,,,,
Eli White,1,,,,
Mitch White,0,,,,
Owen White,0,,,,
Garrett Whitlock,1,,,,
Jordan Wicks,-1,,,,
Joey Wiemer,5,,,,
Alika Williams,2,,,,
Devin Williams,-1,,,,
Gavin Williams,2,,,,
Luke Williams,1,,,,
Trevor Williams,-1,,,,
Brandon Williamson,2,,,,
Amos Willingham,2,,,,
Bryse Wilson,0,,,,
Steven Wilson,0,,,,
Weston Wilson,-1,,,,
Allan Winans,-1,,,,
Josh Winckowski,1,,,,
Josh Winder,0,,,,
Trey Wingenter,0,,,,
Jesse Winker,0,,,,
Keaton Winn,-1,,,,
Masyn Winn,-1,,,,
Patrick Wisdom,-7,,,,
Brett Wisely,4,,,,
Bobby Witt Jr.,-6,,,,
Nick Wittgren,0,,,,
Jackson Wolf,0,,,,
Connor Wong,3,,,,
Jake Wong,0,,,,
Kolten Wong,-3,,,,
Bryan Woo,-1,,,,
Alex Wood,-1,,,,
Jake Woodford,-1,,,,
Brandon Woodruff,-1,,,,
Simeon Woods Richardson,0,,,,
Kyle Wright,0,,,,
Randy Wynne,0,,,,
Austin Wynns,4,,,,
Jimmy Yacabonis,0,,,,
Ryan Yarbrough,2,,,,
Mike Yastrzemski,9,,,,
Kirby Yates,-1,,,,
Christian Yelich,-3,,,,
Juan Yepez,-2,,,,
Masataka Yoshida,-4,,,,
Alex Young,0,,,,
Danny Young,0,,,,
Jacob Young,0,,,,
Jared Young,-3,,,,
Rob Zastryzny,1,,,,
Seby Zavala,6,,,,
Angel Zerpa,2,,,,
Bruce Zimmermann,-1,,,,
Guillermo Zuñiga,0,,,,
Mike Zunino,-5,,,,
